{
    "test_loss": 1.02691650390625,
    "test_loss_24hrs": 1.02691650390625,
    "test_loss_tp": 0.417724609375,
    "test_loss_tp_24hrs": 0.417724609375
}