{
    "test_loss": 1.12060546875,
    "test_loss_24hrs": 1.12060546875,
    "test_loss_tp": 0.455841064453125,
    "test_loss_tp_24hrs": 0.455841064453125
}