{
    "test_loss": 1.1224365234375,
    "test_loss_24hrs": 1.1224365234375,
    "test_loss_tp": 0.45648193359375,
    "test_loss_tp_24hrs": 0.45648193359375
}