{
    "test_loss": 1.1241455078125,
    "test_loss_24hrs": 1.1241455078125,
    "test_loss_precipitationcal": 0.805908203125,
    "test_loss_precipitationcal_24hrs": 0.805908203125
}