{
    "test_loss": 0.2792271375656128,
    "test_loss_24hrs": 0.2798897922039032,
    "test_loss_48hrs": 0.2794364094734192,
    "test_loss_72hrs": 0.2793666422367096,
    "test_loss_96hrs": 0.279331773519516,
    "test_loss_120hrs": 0.279331773519516,
    "test_loss_precipitationcal": 0.8067801594734192,
    "test_loss_precipitationcal_24hrs": 0.8115234971046448,
    "test_loss_precipitationcal_48hrs": 0.8073381781578064,
    "test_loss_precipitationcal_72hrs": 0.8069196939468384,
    "test_loss_precipitationcal_96hrs": 0.8060826063156128,
    "test_loss_precipitationcal_120hrs": 0.8046875596046448
}