{
    "test_loss": 0.2794364094734192,
    "test_loss_24hrs": 0.280029296875,
    "test_loss_48hrs": 0.2796805500984192,
    "test_loss_72hrs": 0.279541015625,
    "test_loss_96hrs": 0.2794364094734192,
    "test_loss_120hrs": 0.2794364094734192,
    "test_loss_precipitationcal": 0.8062918782234192,
    "test_loss_precipitationcal_24hrs": 0.811104953289032,
    "test_loss_precipitationcal_48hrs": 0.8069196939468384,
    "test_loss_precipitationcal_72hrs": 0.8063616156578064,
    "test_loss_precipitationcal_96hrs": 0.8058035969734192,
    "test_loss_precipitationcal_120hrs": 0.8045480251312256
}