{
    "test_loss": 0.2791922688484192,
    "test_loss_24hrs": 0.27978515625,
    "test_loss_48hrs": 0.2794364094734192,
    "test_loss_72hrs": 0.279296875,
    "test_loss_96hrs": 0.279296875,
    "test_loss_120hrs": 0.2793666422367096,
    "test_loss_precipitationcal": 0.8067801594734192,
    "test_loss_precipitationcal_24hrs": 0.811593234539032,
    "test_loss_precipitationcal_48hrs": 0.8074777126312256,
    "test_loss_precipitationcal_72hrs": 0.8069196939468384,
    "test_loss_precipitationcal_96hrs": 0.8061524033546448,
    "test_loss_precipitationcal_120hrs": 0.804757297039032
}