{
    "test_loss": 0.335418701171875,
    "test_loss_24hrs": 0.329010009765625,
    "test_loss_48hrs": 0.3345947265625,
    "test_loss_72hrs": 0.336761474609375,
    "test_loss_96hrs": 0.338226318359375,
    "test_loss_120hrs": 0.338836669921875,
    "test_loss_tp": 0.458587646484375,
    "test_loss_tp_24hrs": 0.453155517578125,
    "test_loss_tp_48hrs": 0.457794189453125,
    "test_loss_tp_72hrs": 0.458953857421875,
    "test_loss_tp_96hrs": 0.4627685546875,
    "test_loss_tp_120hrs": 0.46124267578125
}