{
    "test_loss": 0.334014892578125,
    "test_loss_24hrs": 0.32708740234375,
    "test_loss_48hrs": 0.333221435546875,
    "test_loss_72hrs": 0.33563232421875,
    "test_loss_96hrs": 0.33697509765625,
    "test_loss_120hrs": 0.337493896484375,
    "test_loss_tp": 0.456878662109375,
    "test_loss_tp_24hrs": 0.451629638671875,
    "test_loss_tp_48hrs": 0.45635986328125,
    "test_loss_tp_72hrs": 0.457550048828125,
    "test_loss_tp_96hrs": 0.460418701171875,
    "test_loss_tp_120hrs": 0.458648681640625
}