{
    "test_loss": 0.337860107421875,
    "test_loss_24hrs": 0.332275390625,
    "test_loss_48hrs": 0.33709716796875,
    "test_loss_72hrs": 0.33917236328125,
    "test_loss_96hrs": 0.34051513671875,
    "test_loss_120hrs": 0.340972900390625,
    "test_loss_tp": 0.459564208984375,
    "test_loss_tp_24hrs": 0.455474853515625,
    "test_loss_tp_48hrs": 0.457794189453125,
    "test_loss_tp_72hrs": 0.460235595703125,
    "test_loss_tp_96hrs": 0.46343994140625,
    "test_loss_tp_120hrs": 0.46160888671875
}