{
    "test_loss": 0.329193115234375,
    "test_loss_24hrs": 0.320220947265625,
    "test_loss_48hrs": 0.328765869140625,
    "test_loss_72hrs": 0.331634521484375,
    "test_loss_96hrs": 0.33282470703125,
    "test_loss_120hrs": 0.333160400390625,
    "test_loss_tp": 0.45281982421875,
    "test_loss_tp_24hrs": 0.446990966796875,
    "test_loss_tp_48hrs": 0.453887939453125,
    "test_loss_tp_72hrs": 0.453643798828125,
    "test_loss_tp_96hrs": 0.456268310546875,
    "test_loss_tp_120hrs": 0.45416259765625
}