{
    "test_loss": 0.336090087890625,
    "test_loss_24hrs": 0.329803466796875,
    "test_loss_48hrs": 0.335296630859375,
    "test_loss_72hrs": 0.337677001953125,
    "test_loss_96hrs": 0.33837890625,
    "test_loss_120hrs": 0.339813232421875,
    "test_loss_tp": 0.459747314453125,
    "test_loss_tp_24hrs": 0.455810546875,
    "test_loss_tp_48hrs": 0.45831298828125,
    "test_loss_tp_72hrs": 0.465362548828125,
    "test_loss_tp_96hrs": 0.46160888671875,
    "test_loss_tp_120hrs": 0.463165283203125
}