{
    "test_loss": 0.329254150390625,
    "test_loss_24hrs": 0.320709228515625,
    "test_loss_48hrs": 0.32879638671875,
    "test_loss_72hrs": 0.331268310546875,
    "test_loss_96hrs": 0.332611083984375,
    "test_loss_120hrs": 0.33306884765625,
    "test_loss_tp": 0.4522705078125,
    "test_loss_tp_24hrs": 0.446319580078125,
    "test_loss_tp_48hrs": 0.453887939453125,
    "test_loss_tp_72hrs": 0.452606201171875,
    "test_loss_tp_96hrs": 0.45550537109375,
    "test_loss_tp_120hrs": 0.45416259765625
}