{
    "test_loss": 0.328948974609375,
    "test_loss_24hrs": 0.32000732421875,
    "test_loss_48hrs": 0.32830810546875,
    "test_loss_72hrs": 0.331146240234375,
    "test_loss_96hrs": 0.332550048828125,
    "test_loss_120hrs": 0.33294677734375,
    "test_loss_tp": 0.4525146484375,
    "test_loss_tp_24hrs": 0.447357177734375,
    "test_loss_tp_48hrs": 0.453582763671875,
    "test_loss_tp_72hrs": 0.452972412109375,
    "test_loss_tp_96hrs": 0.455596923828125,
    "test_loss_tp_120hrs": 0.45416259765625
}