{
    "val_loss": 0.6360560059547424,
    "val_loss_24hrs": 0.6190239191055298,
    "val_loss_48hrs": 0.6352846026420593,
    "val_loss_72hrs": 0.6400758624076843,
    "val_loss_96hrs": 0.6423889994621277,
    "val_loss_120hrs": 0.6436647176742554
}