{
    "test_loss_tp": 0.6406487822532654,
    "test_loss_tp_24hrs": 0.6231496334075928,
    "test_loss_tp_48hrs": 0.6392725706100464,
    "test_loss_tp_72hrs": 0.6448963284492493,
    "test_loss_tp_96hrs": 0.6467726230621338,
    "test_loss_tp_120hrs": 0.6480504870414734
}