{
    "val_loss": 0.6410360336303711,
    "val_loss_24hrs": 0.6235138773918152,
    "val_loss_48hrs": 0.6396425366401672,
    "val_loss_72hrs": 0.6450932025909424,
    "val_loss_96hrs": 0.647412121295929,
    "val_loss_120hrs": 0.6483888626098633
}