{
    "test_loss": 0.3391927182674408,
    "test_loss_24hrs": 0.3395589292049408,
    "test_loss_48hrs": 0.3391927182674408,
    "test_loss_72hrs": 0.3393147885799408,
    "test_loss_96hrs": 0.3392333984375,
    "test_loss_120hrs": 0.3391927182674408,
    "test_loss_tp": 0.4595133662223816,
    "test_loss_tp_24hrs": 0.4641927182674408,
    "test_loss_tp_48hrs": 0.4576416015625,
    "test_loss_tp_72hrs": 0.4606119990348816,
    "test_loss_tp_96hrs": 0.45751953125,
    "test_loss_tp_120hrs": 0.4610595703125
}