{
    "test_loss": 0.3412039875984192,
    "test_loss_24hrs": 0.3416573703289032,
    "test_loss_48hrs": 0.3412737250328064,
    "test_loss_72hrs": 0.3414481282234192,
    "test_loss_96hrs": 0.3415527641773224,
    "test_loss_120hrs": 0.341587632894516,
    "test_loss_tp": 0.4591587781906128,
    "test_loss_tp_24hrs": 0.461948961019516,
    "test_loss_tp_48hrs": 0.4594726860523224,
    "test_loss_tp_72hrs": 0.4600656032562256,
    "test_loss_tp_96hrs": 0.4596819281578064,
    "test_loss_tp_120hrs": 0.4575195610523224
}