{
    "test_loss": 0.3388323187828064,
    "test_loss_24hrs": 0.339878648519516,
    "test_loss_48hrs": 0.3391113579273224,
    "test_loss_72hrs": 0.3390067219734192,
    "test_loss_96hrs": 0.338902086019516,
    "test_loss_120hrs": 0.3388672173023224,
    "test_loss_tp": 0.4616699516773224,
    "test_loss_tp_24hrs": 0.4650181531906128,
    "test_loss_tp_48hrs": 0.4627511501312256,
    "test_loss_tp_72hrs": 0.4615653157234192,
    "test_loss_tp_96hrs": 0.4615304470062256,
    "test_loss_tp_120hrs": 0.4603446125984192
}