{
    "test_loss": 0.3390706479549408,
    "test_loss_24hrs": 0.33935546875,
    "test_loss_48hrs": 0.3389485776424408,
    "test_loss_72hrs": 0.3391927182674408,
    "test_loss_96hrs": 0.3392333984375,
    "test_loss_120hrs": 0.3393147885799408,
    "test_loss_tp": 0.4601237177848816,
    "test_loss_tp_24hrs": 0.4646809995174408,
    "test_loss_tp_48hrs": 0.458984375,
    "test_loss_tp_72hrs": 0.4617106318473816,
    "test_loss_tp_96hrs": 0.4577229917049408,
    "test_loss_tp_120hrs": 0.4615885615348816
}