{
    "test_loss": 1.1141357421875,
    "test_loss_24hrs": 1.09619140625,
    "test_loss_48hrs": 1.1136474609375,
    "test_loss_72hrs": 1.115966796875,
    "test_loss_96hrs": 1.122314453125,
    "test_loss_120hrs": 1.12109375,
    "test_loss_tp": 0.45318603515625,
    "test_loss_tp_24hrs": 0.445953369140625,
    "test_loss_tp_48hrs": 0.452972412109375,
    "test_loss_tp_72hrs": 0.453948974609375,
    "test_loss_tp_96hrs": 0.456634521484375,
    "test_loss_tp_120hrs": 0.456024169921875
}