{
    "test_loss": 0.3395298719406128,
    "test_loss_24hrs": 0.3408203423023224,
    "test_loss_48hrs": 0.3399483859539032,
    "test_loss_72hrs": 0.3397042453289032,
    "test_loss_96hrs": 0.3394601047039032,
    "test_loss_120hrs": 0.3393554985523224,
    "test_loss_tp": 0.4605538845062256,
    "test_loss_tp_24hrs": 0.4635184407234192,
    "test_loss_tp_48hrs": 0.4612514078617096,
    "test_loss_tp_72hrs": 0.4609375298023224,
    "test_loss_tp_96hrs": 0.4605887532234192,
    "test_loss_tp_120hrs": 0.4590890407562256
}