{
    "test_loss": 0.3389718234539032,
    "test_loss_24hrs": 0.3400530219078064,
    "test_loss_48hrs": 0.3392159640789032,
    "test_loss_72hrs": 0.3390764594078064,
    "test_loss_96hrs": 0.3389718234539032,
    "test_loss_120hrs": 0.3390415906906128,
    "test_loss_tp": 0.4608328938484192,
    "test_loss_tp_24hrs": 0.4641113579273224,
    "test_loss_tp_48hrs": 0.4618791937828064,
    "test_loss_tp_72hrs": 0.4609375298023224,
    "test_loss_tp_96hrs": 0.4609026312828064,
    "test_loss_tp_120hrs": 0.4590890407562256
}