{
    "test_loss": 0.3352864682674408,
    "test_loss_24hrs": 0.3353271484375,
    "test_loss_48hrs": 0.335205078125,
    "test_loss_72hrs": 0.3355306088924408,
    "test_loss_96hrs": 0.3354899287223816,
    "test_loss_120hrs": 0.3354085385799408,
    "test_loss_tp": 0.4565836787223816,
    "test_loss_tp_24hrs": 0.4615478515625,
    "test_loss_tp_48hrs": 0.4542643427848816,
    "test_loss_tp_72hrs": 0.4566650390625,
    "test_loss_tp_96hrs": 0.4555257260799408,
    "test_loss_tp_120hrs": 0.4573567807674408
}