{
    "test_loss": 0.3390067219734192,
    "test_loss_24hrs": 0.3400181531906128,
    "test_loss_48hrs": 0.339146226644516,
    "test_loss_72hrs": 0.3390764594078064,
    "test_loss_96hrs": 0.3390415906906128,
    "test_loss_120hrs": 0.3390067219734192,
    "test_loss_tp": 0.4603446125984192,
    "test_loss_tp_24hrs": 0.4635184407234192,
    "test_loss_tp_48hrs": 0.4612514078617096,
    "test_loss_tp_72hrs": 0.4609375298023224,
    "test_loss_tp_96hrs": 0.4605887532234192,
    "test_loss_tp_120hrs": 0.4581822156906128
}