{
    "test_loss": 0.3935546875,
    "test_loss_24hrs": 0.400146484375,
    "test_loss_48hrs": 0.388916015625,
    "test_loss_72hrs": 0.4013671875,
    "test_loss_96hrs": 0.38916015625,
    "test_loss_120hrs": 0.39013671875,
    "test_loss_tp": 0.4954338073730469,
    "test_loss_tp_24hrs": 0.5078315734863281,
    "test_loss_tp_48hrs": 0.4868507385253906,
    "test_loss_tp_72hrs": 0.522613525390625,
    "test_loss_tp_96hrs": 0.47898292541503906,
    "test_loss_tp_120hrs": 0.4892349243164062
}